Date,                                                    File name,Running time,         Clients,     Result,Z3 time,Waiting time,SIDecisionsTime,Inlining Call trees,,
8/30/2018 18:28,                     data\avc_completerequest_0.bpl,     20.26s,       4 clients,        NOK,16.22,0,1.71,2.29,,
,                                                   ,           ,                ,           ,3.66,0,0.41,1.22, rse-server-13,
,                                                   ,           ,                ,           ,0.19,0,0.02,0.34, rse-server-14,
,                                                   ,           ,                ,           ,3.17,0,0.28,0.73, rse-server-12,
,                                                   ,           ,                ,           ,9.2,0,1,0, rse-server-15,
8/30/2018 18:29,                     data\avc_completerequest_0.bpl,     20.29s,       3 clients,        NOK,5.5,0,0.47,2.52,,
,                                                   ,           ,                ,           ,3.36,0,0.22,0.83, rse-server-13,
,                                                   ,           ,                ,           ,2.14,0,0.25,1.69, rse-server-14,
8/30/2018 18:30,                     data\avc_completerequest_0.bpl,     44.02s,       2 clients,        NOK,49.96,0,5,1.69,,
,                                                   ,           ,                ,           ,21.94,0,1.86,1.69, rse-server-13,
,                                                   ,           ,                ,           ,28.02,0,3.14,0, rse-server-14,
8/30/2018 18:34,                     data\avc_completerequest_0.bpl,    215.00s,       1 clients,        NOK,162.93,0,15.36,0,,
,                                                   ,           ,                ,           ,162.93,0,15.36,0, rse-server-13,
8/30/2018 18:36,                   data\61883_completerequest_0.bpl,     21.25s,       4 clients,        NOK,21.2,0,2.22,1.87,,
,                                                   ,           ,                ,           ,4.36,0,0.42,0.61, rse-server-13,
,                                                   ,           ,                ,           ,3.78,0,0.28,0.53, rse-server-14,
,                                                   ,           ,                ,           ,4.22,0,0.3,0.73, rse-server-12,
,                                                   ,           ,                ,           ,8.84,0,1.22,0, rse-server-15,
8/30/2018 18:37,                   data\61883_completerequest_0.bpl,     22.04s,       3 clients,        NOK,11.49,0,1.43,0.77,,
,                                                   ,           ,                ,           ,3.72,0,0.27,0.77, rse-server-14,
,                                                   ,           ,                ,           ,7.77,0,1.16,0, rse-server-12,
8/30/2018 18:38,                   data\61883_completerequest_0.bpl,     28.33s,       2 clients,        NOK,11.03,0,1.17,0.41,,
,                                                   ,           ,                ,           ,11.03,0,1.17,0.41, rse-server-13,
8/30/2018 18:39,                   data\61883_completerequest_0.bpl,     28.67s,       1 clients,        NOK,14.41,0,2.09,0,,
,                                                   ,           ,                ,           ,14.41,0,2.09,0, rse-server-13,
8/30/2018 18:43,                data\cyyport_doublecompletion_0.bpl,     40.02s,       1 clients,        NOK,27.94,0,1.83,0,,
,                                                   ,           ,                ,           ,27.94,0,1.83,0, rse-server-13,
8/30/2018 18:44,                data\cyyport_doublecompletion_0.bpl,     31.49s,       2 clients,        NOK,15.03,0,1.41,0.56,,
,                                                   ,           ,                ,           ,15.03,0,1.41,0.56, rse-server-13,
8/30/2018 18:46,                data\cyyport_doublecompletion_0.bpl,     30.07s,       3 clients,        NOK,27.62,0,2.17,0.84,,
,                                                   ,           ,                ,           ,10.84,0,1,0.84, rse-server-13,
,                                                   ,           ,                ,           ,16.78,0,1.17,0, rse-server-12,
8/30/2018 18:47,                data\cyyport_doublecompletion_0.bpl,     28.92s,       4 clients,        NOK,49.81,0,4.71,2.47,,
,                                                   ,           ,                ,           ,10.42,0,1.02,1.33, rse-server-13,
,                                                   ,           ,                ,           ,12.13,0,1.16,0.41, rse-server-14,
,                                                   ,           ,                ,           ,10.09,0,1.14,0.73, rse-server-12,
,                                                   ,           ,                ,           ,17.17,0,1.39,0, rse-server-15,
8/30/2018 18:49,                      data\daytona_ioallocate_1.bpl,     18.87s,       4 clients,         RB,11.41,27.74,0.97,4,,
,                                                   ,           ,                ,           ,3.08,6.23,0.17,1.84, rse-server-13,
,                                                   ,           ,                ,           ,1.75,8.77,0.14,1.3, rse-server-14,
,                                                   ,           ,                ,           ,0.66,9.8,0.05,0.86, rse-server-12,
,                                                   ,           ,                ,           ,5.92,2.94,0.61,0, rse-server-15,
8/30/2018 18:50,                      data\daytona_ioallocate_1.bpl,     20.16s,       3 clients,         RB,12,19.88,0.83,4.46,,
,                                                   ,           ,                ,           ,3.3,9.52,0.19,1.02, rse-server-13,
,                                                   ,           ,                ,           ,2.5,8.59,0.16,2.28, rse-server-14,
,                                                   ,           ,                ,           ,6.2,1.77,0.48,1.16, rse-server-12,
8/30/2018 18:51,                      data\daytona_ioallocate_1.bpl,     19.64s,       2 clients,         RB,11.42,9.3,0.87,2.77,,
,                                                   ,           ,                ,           ,3.36,8.11,0.23,1.61, rse-server-13,
,                                                   ,           ,                ,           ,8.06,1.19,0.64,1.16, rse-server-14,
8/30/2018 18:52,                      data\daytona_ioallocate_1.bpl,     20.34s,       1 clients,         RB,9.97,0.02,0.73,0,,
,                                                   ,           ,                ,           ,9.97,0.02,0.73,0, rse-server-13,
8/30/2018 18:54,        data\1394vdev_pendedcompletedrequest2_0.bpl,     36.37s,       1 clients,         RB,22.03,0.03,3.64,0,,
,                                                   ,           ,                ,           ,22.03,0.03,3.64,0, rse-server-13,
8/30/2018 18:55,        data\1394vdev_pendedcompletedrequest2_0.bpl,     24.03s,       2 clients,         RB,23.55,4.86,3.55,0.92,,
,                                                   ,           ,                ,           ,9.77,4.73,1.58,0.92, rse-server-13,
,                                                   ,           ,                ,           ,13.78,0.13,1.97,0, rse-server-14,
8/30/2018 18:56,        data\1394vdev_pendedcompletedrequest2_0.bpl,     23.13s,       3 clients,         RB,21.33,17.92,3.5,4,,
,                                                   ,           ,                ,           ,8.89,6.16,1.39,0.39, rse-server-13,
,                                                   ,           ,                ,           ,8,6,1.52,0.61, rse-server-14,
,                                                   ,           ,                ,           ,4.44,5.77,0.59,3, rse-server-12,
8/30/2018 18:56,        data\1394vdev_pendedcompletedrequest2_0.bpl,     21.89s,       4 clients,         RB,23.18,23.19,4.03,8.08,,
,                                                   ,           ,                ,           ,8.63,4.58,1.44,0.39, rse-server-13,
,                                                   ,           ,                ,           ,7.8,5.03,1.56,0.61, rse-server-14,
,                                                   ,           ,                ,           ,2.25,7.89,0.34,3.83, rse-server-12,
,                                                   ,           ,                ,           ,4.5,5.69,0.69,3.25, rse-server-15,
8/30/2018 18:58,                    data\61883_multremovelock_1.bpl,     28.15s,       4 clients,         RB,34.94,31.21,2.68,7.9,,
,                                                   ,           ,                ,           ,12,6.31,0.94,0.39, rse-server-13,
,                                                   ,           ,                ,           ,8.02,8.31,0.64,2.78, rse-server-14,
,                                                   ,           ,                ,           ,4.83,10.13,0.33,3.59, rse-server-12,
,                                                   ,           ,                ,           ,10.09,6.45,0.77,1.14, rse-server-15,
8/30/2018 19:00,                    data\61883_multremovelock_1.bpl,     31.94s,       3 clients,         RB,38.29,19.61,2.91,4.04,,
,                                                   ,           ,                ,           ,14.61,6.64,1,0.44, rse-server-13,
,                                                   ,           ,                ,           ,8.63,10.91,0.88,2.8, rse-server-14,
,                                                   ,           ,                ,           ,15.05,2.06,1.03,0.8, rse-server-12,
8/30/2018 19:00,                    data\61883_multremovelock_1.bpl,     30.25s,       2 clients,         RB,32.65,4.25,2.25,0.69,,
,                                                   ,           ,                ,           ,15.45,3.47,1.05,0.41, rse-server-13,
,                                                   ,           ,                ,           ,17.2,0.78,1.2,0.28, rse-server-14,
8/30/2018 19:02,                    data\61883_multremovelock_1.bpl,     47.13s,       1 clients,         RB,30.47,0.05,2.33,0,,
,                                                   ,           ,                ,           ,30.47,0.05,2.33,0, rse-server-13,
8/30/2018 19:02,        data\1394vdev_pendedcompletedrequest3_0.bpl,     18.43s,       4 clients,        NOK,16.55,0,2,2.92,,
,                                                   ,           ,                ,           ,2.64,0,0.31,1.03, rse-server-13,
,                                                   ,           ,                ,           ,2.78,0,0.3,1.16, rse-server-14,
,                                                   ,           ,                ,           ,3.08,0,0.33,0.73, rse-server-12,
,                                                   ,           ,                ,           ,8.05,0,1.06,0, rse-server-15,
8/30/2018 19:03,        data\1394vdev_pendedcompletedrequest3_0.bpl,     18.88s,       3 clients,        NOK,5.5,0,0.78,1.7,,
,                                                   ,           ,                ,           ,2.89,0,0.36,0.75, rse-server-13,
,                                                   ,           ,                ,           ,2.61,0,0.42,0.95, rse-server-14,
8/30/2018 19:04,        data\1394vdev_pendedcompletedrequest3_0.bpl,     18.24s,       2 clients,        NOK,11.45,0,1.51,0.94,,
,                                                   ,           ,                ,           ,3.39,0,0.38,0.94, rse-server-13,
,                                                   ,           ,                ,           ,8.06,0,1.13,0, rse-server-14,
8/30/2018 19:04,        data\1394vdev_pendedcompletedrequest3_0.bpl,     17.58s,       1 clients,        NOK,7.94,0,1.13,0,,
,                                                   ,           ,                ,           ,7.94,0,1.13,0, rse-server-13,
8/30/2018 19:08,        data\61883_forwardedatbadirqlallocate_1.bpl,    138.08s,       1 clients,         RB,103.07,0.03,7.5,0,,
,                                                   ,           ,                ,           ,103.07,0.03,7.5,0, rse-server-13,
8/30/2018 19:11,        data\61883_forwardedatbadirqlallocate_1.bpl,    119.41s,       2 clients,         RB,123.65,41.99,9.66,27.99,,
,                                                   ,           ,                ,           ,50.11,28.61,3.72,20.22, rse-server-13,
,                                                   ,           ,                ,           ,73.54,13.38,5.94,7.77, rse-server-14,
8/30/2018 19:13,        data\61883_forwardedatbadirqlallocate_1.bpl,    120.83s,       3 clients,         RB,132.97,121.07,11.41,51.52,,
,                                                   ,           ,                ,           ,43.64,32.36,2.78,28.08, rse-server-13,
,                                                   ,           ,                ,           ,45.05,39,5.55,15.91, rse-server-14,
,                                                   ,           ,                ,           ,44.28,49.71,3.08,7.53, rse-server-12,
8/30/2018 19:16,        data\61883_forwardedatbadirqlallocate_1.bpl,    100.41s,       4 clients,         RB,135.52,154.14,10.67,49.74,,
,                                                   ,           ,                ,           ,23.16,45.43,0.86,19.88, rse-server-13,
,                                                   ,           ,                ,           ,46.57,21.92,4.55,14.74, rse-server-14,
,                                                   ,           ,                ,           ,25.91,49.04,1.59,11.2, rse-server-12,
,                                                   ,           ,                ,           ,39.88,37.75,3.67,3.92, rse-server-15,
8/30/2018 19:17,                 data\daytona_completerequest_2.bpl,     14.05s,       4 clients,         OK,7.35,19.88,0.68,4.36,,
,                                                   ,           ,                ,           ,1.09,5.75,0.03,1.89, rse-server-13,
,                                                   ,           ,                ,           ,0.88,6.09,0.03,1.41, rse-server-14,
,                                                   ,           ,                ,           ,0.52,6.38,0.03,1.06, rse-server-12,
,                                                   ,           ,                ,           ,4.86,1.66,0.59,0, rse-server-15,
8/30/2018 19:18,                 data\daytona_completerequest_2.bpl,     13.41s,       1 clients,        NOK,5.02,0,0.52,0,,
,                                                   ,           ,                ,           ,5.02,0,0.52,0, rse-server-13,
8/30/2018 19:19,                   data\avc_ioallocateforward_1.bpl,     32.92s,       1 clients,         RB,19.14,0.03,2.27,0,,
,                                                   ,           ,                ,           ,19.14,0.03,2.27,0, rse-server-13,
8/30/2018 19:20,                   data\avc_ioallocateforward_1.bpl,     27.33s,       2 clients,         RB,19.97,11.7,2.67,2.47,,
,                                                   ,           ,                ,           ,5.88,10.17,0.94,2.47, rse-server-13,
,                                                   ,           ,                ,           ,14.09,1.53,1.73,0, rse-server-14,
8/30/2018 19:21,                   data\avc_ioallocateforward_1.bpl,     29.99s,       4 clients,         RB,23.05,54.8,2.81,6.07,,
,                                                   ,           ,                ,           ,5.34,12.88,0.86,3.33, rse-server-13,
,                                                   ,           ,                ,           ,13.27,5.06,1.5,0.41, rse-server-14,
,                                                   ,           ,                ,           ,2.16,17.45,0.22,1.06, rse-server-12,
,                                                   ,           ,                ,           ,2.28,19.41,0.23,1.27, rse-server-15,
8/30/2018 19:22,                   data\avc_ioallocateforward_0.bpl,     11.11s,       4 clients,         OK,2.4,12.64,0.32,0.59,,
,                                                   ,           ,                ,           ,0.2,5.69,0.03,0.23, rse-server-13,
,                                                   ,           ,                ,           ,0.61,4.47,0.06,0.36, rse-server-14,
,                                                   ,           ,                ,           ,1.59,2.48,0.23,0, rse-server-15,
8/30/2018 19:22,                   data\avc_ioallocateforward_0.bpl,      8.97s,       2 clients,         RB,2.24,3.06,0.22,0.22,,
,                                                   ,           ,                ,           ,0.19,3.05,0.02,0.22, rse-server-13,
,                                                   ,           ,                ,           ,2.05,0.02,0.2,0, rse-server-14,
8/30/2018 19:23,                   data\avc_ioallocateforward_0.bpl,      9.11s,       1 clients,         RB,2.11,0.05,0.38,0,,
,                                                   ,           ,                ,           ,2.11,0.05,0.38,0, rse-server-13,
8/30/2018 19:32,                  data\cyyport_irpcancelfield_0.bpl,    477.78s,       4 clients,         RB,1230.1,112.57,132.27,209.31,,
,                                                   ,           ,                ,           ,286.29,40.3,36.77,58.55, rse-server-13,
,                                                   ,           ,                ,           ,317.15,12.78,28.92,67.38, rse-server-14,
,                                                   ,           ,                ,           ,283.98,27.8,47.27,60.36, rse-server-12,
,                                                   ,           ,                ,           ,342.68,31.69,19.31,23.02, rse-server-15,
8/30/2018 19:46,                  data\cyyport_irpcancelfield_0.bpl,    815.72s,       2 clients,         RB,1235.49,39.36,106.94,41.05,,
,                                                   ,           ,                ,           ,586.62,23.81,75.83,17, rse-server-13,
,                                                   ,           ,                ,           ,648.87,15.55,31.11,24.05, rse-server-14,
,,,,,,,,,,
,,,,,,,,,,
Date,                                                    File name,Running time,         Clients,     Result,Z3 time,Waiting time,SIDecisionsTime,Inlining Call trees,,
,OPTIMIZING WAITINGTIME,,,,,,,,,
8/30/2018 19:50,                   data\avc_ioallocateforward_1.bpl,     31.39s,       4 clients,         RB,28.33,42.22,3.47,15.84,,
,                                                   ,           ,                ,           ,5.17,14.45,0.75,3.22, rse-server-13,
,                                                   ,           ,                ,           ,12.67,7.72,1.63,0.42, rse-server-14,
,                                                   ,           ,                ,           ,4.3,10.78,0.36,6.17, rse-server-12,
,                                                   ,           ,                ,           ,6.19,9.27,0.73,6.03, rse-server-15,
8/30/2018 19:55,        data\61883_forwardedatbadirqlallocate_1.bpl,    129.59s,       4 clients,         RB,190.91,48.36,15.71,160.6,,
,                                                   ,           ,                ,           ,45.19,5.16,4.19,39.74, rse-server-13,
,                                                   ,           ,                ,           ,52.79,6.41,4.5,52.85, rse-server-14,
,                                                   ,           ,                ,           ,54.51,5.19,4.58,48.96, rse-server-12,
,                                                   ,           ,                ,           ,38.42,31.61,2.44,19.05, rse-server-15,
8/31/2018 8:56,        data\61883_forwardedatbadirqlallocate_1.bpl,    121.13s,       4 clients,         RB,140.47,225.1,7.17,63.63,,
,                                                   ,           ,                ,           ,33.66,52.89,1.14,22.63, rse-server-13,
,                                                   ,           ,                ,           ,38.1,47.38,1.09,24.67, rse-server-14,
,                                                   ,           ,                ,           ,26.38,66.43,1.39,16.33, rse-server-12,
,                                                   ,           ,                ,           ,42.33,58.4,3.55,0, rse-server-15,
8/31/2018 9:00,        data\61883_forwardedatbadirqlallocate_1.bpl,     99.39s,       4 clients,         RB,133.63,141.45,8.42,64.62,,
,                                                   ,           ,                ,           ,34.39,23.27,1.95,27.6, rse-server-13,
,                                                   ,           ,                ,           ,23.06,45.63,1.64,19.66, rse-server-14,
,                                                   ,           ,                ,           ,24.75,46.43,1.05,17.36, rse-server-12,
,                                                   ,           ,                ,           ,51.43,26.13,3.78,0, rse-server-15,
8/31/2018 9:04,        data\61883_forwardedatbadirqlallocate_1.bpl,     84.84s,       4 clients,         RB,130.56,36.05,10.13,58.25,,
,                                                   ,           ,                ,           ,21.83,15.06,1.61,12.92, rse-server-13,
,                                                   ,           ,                ,           ,46.02,7.95,2.91,18.33, rse-server-14,
,                                                   ,           ,                ,           ,26.16,5.89,2.34,27, rse-server-12,
,                                                   ,           ,                ,           ,36.55,7.14,3.27,0, rse-server-15,
8/31/2018 9:16,        data\61883_forwardedatbadirqlallocate_1.bpl,     94.93s,       4 clients,         RB,127.16,83.33,9.05,84.09,,
,                                                   ,           ,                ,           ,25.78,24.41,2.34,17.41, rse-server-13,
,                                                   ,           ,                ,           ,27.47,19.63,1.39,37.72, rse-server-14,
,                                                   ,           ,                ,           ,23.86,29.77,0.91,28.96, rse-server-12,
,                                                   ,           ,                ,           ,50.05,9.53,4.41,0, rse-server-15,
8/31/2018 10:10,        data\61883_forwardedatbadirqlallocate_1.bpl,     31.37s,       4 clients,         RB,44.88,21.36,3.61,9.91,,
,                                                   ,           ,                ,           ,11.2,6.88,0.67,0.44, rse-server-13,
,                                                   ,           ,                ,           ,7.63,7.58,0.5,4.52, rse-server-14,
,                                                   ,           ,                ,           ,8.83,6.88,0.61,4.95, rse-server-12,
,                                                   ,           ,                ,           ,17.22,0.03,1.83,0, rse-server-15,
8/31/2018 10:15,        data\61883_forwardedatbadirqlallocate_1.bpl,     54.09s,       4 clients,         RB,75.97,9,8.31,9.89,,
,                                                   ,           ,                ,           ,9.69,3.52,0.53,0.42, rse-server-13,
,                                                   ,           ,                ,           ,30.58,5.48,3.55,2.77, rse-server-14,
,                                                   ,           ,                ,           ,22.06,0,2.84,6.7, rse-server-12,
,                                                   ,           ,                ,           ,13.64,0,1.39,0, rse-server-15,
8/31/2018 10:22,        data\61883_forwardedatbadirqlallocate_1.bpl,     86.88s,       4 clients,         RB,47.92,57.86,4.26,11.03,,
,                                                   ,           ,                ,           ,9.83,2.98,0.7,0.44, rse-server-13,
,                                                   ,           ,                ,           ,19.67,49.53,1.89,4.98, rse-server-14,
,                                                   ,           ,                ,           ,5.08,5.31,0.28,5.61, rse-server-12,
,                                                   ,           ,                ,           ,13.34,0.03,1.39,0, rse-server-15,
8/31/2018 10:25,        data\61883_forwardedatbadirqlallocate_1.bpl,     37.66s,       4 clients,         RB,53.2,17.61,4.92,22.12,,
,                                                   ,           ,                ,           ,13.22,5.17,1.03,4.77, rse-server-13,
,                                                   ,           ,                ,           ,12.74,6.09,0.7,9.11, rse-server-14,
,                                                   ,           ,                ,           ,11.02,5.28,1.56,4.05, rse-server-12,
,                                                   ,           ,                ,           ,16.22,1.06,1.63,4.19, rse-server-15,
8/31/2018 10:33,        data\61883_forwardedatbadirqlallocate_1.bpl,     53.47s,       4 clients,         RB,73.76,13.89,8.06,34.43,,
,                                                   ,           ,                ,           ,21.55,0,1.53,13.84, rse-server-13,
,                                                   ,           ,                ,           ,13.81,8.16,1.58,4.17, rse-server-14,
,                                                   ,           ,                ,           ,14.59,5.73,1.61,9.09, rse-server-12,
,                                                   ,           ,                ,           ,23.81,0,3.34,7.33, rse-server-15,
8/31/2018 10:58,        data\61883_forwardedatbadirqlallocate_1.bpl,     53.45s,       4 clients,         RB,80.15,0.83,6.08,50.39,,
,                                                   ,           ,                ,           ,19.88,0,1.55,9.59, rse-server-13,
,                                                   ,           ,                ,           ,14.77,0,0.95,15.91, rse-server-14,
,                                                   ,           ,                ,           ,21.14,0,2.05,11.28, rse-server-12,
,                                                   ,           ,                ,           ,24.36,0.83,1.53,13.61, rse-server-15,
8/31/2018 11:09,        data\61883_forwardedatbadirqlallocate_1.bpl,     44.50s,       4 clients,         RB,60.27,16.56,4.42,38.55,,
,                                                   ,           ,                ,           ,15.41,4.13,0.72,10.52, rse-server-13,
,                                                   ,           ,                ,           ,16.78,4.88,1.64,10.36, rse-server-14,
,                                                   ,           ,                ,           ,10.81,5.06,0.42,13.95, rse-server-12,
,                                                   ,           ,                ,           ,17.27,2.5,1.64,3.72, rse-server-15,
8/31/2018 11:40,        data\61883_forwardedatbadirqlallocate_1.bpl,    178.63s,       4 clients,         RB,271.46,214.08,47.99,97.17,,
,                                                   ,           ,                ,           ,63.99,64.24,6.23,26.66, rse-server-13,
,                                                   ,           ,                ,           ,45.49,71.65,7.52,37.35, rse-server-14,
,                                                   ,           ,                ,           ,65.32,69.63,12.66,10.55, rse-server-12,
,                                                   ,           ,                ,           ,96.66,8.56,21.58,22.61, rse-server-15,
8/31/2018 11:48,        data\61883_forwardedatbadirqlallocate_1.bpl,    133.85s,       4 clients,         RB,266.12,83.41,21.15,85.01,,
,                                                   ,           ,                ,           ,81.85,18.77,6.72,6.47, rse-server-13,
,                                                   ,           ,                ,           ,64.66,23.88,5.55,18.5, rse-server-14,
,                                                   ,           ,                ,           ,54.71,25.22,4.91,29.8, rse-server-12,
,                                                   ,           ,                ,           ,64.9,15.55,3.97,30.24, rse-server-15,
8/31/2018 11:56,        data\61883_forwardedatbadirqlallocate_1.bpl,    198.87s,       4 clients,         RB,354.45,131.68,66.79,148.75,,
,                                                   ,           ,                ,           ,111.26,9.84,20.14,28, rse-server-13,
,                                                   ,           ,                ,           ,64.19,60.52,16.58,37.71, rse-server-14,
,                                                   ,           ,                ,           ,84.82,35.3,14.72,42.71, rse-server-12,
,                                                   ,           ,                ,           ,94.18,26.02,15.35,40.33, rse-server-15,
8/31/2018 12:25,        data\61883_forwardedatbadirqlallocate_1.bpl,    122.12s,       4 clients,         RB,208.76,90.4,15.24,115.43,,
,                                                   ,           ,                ,           ,52.39,31.1,2.95,21.13, rse-server-13,
,                                                   ,           ,                ,           ,41.47,34.35,2.92,30.27, rse-server-14,
,                                                   ,           ,                ,           ,55.91,18.13,5.48,27.56, rse-server-12,
,                                                   ,           ,                ,           ,58.99,6.83,3.89,36.47, rse-server-15,
8/31/2018 12:38,        data\61883_forwardedatbadirqlallocate_1.bpl,    113.36s,       4 clients,         RB,150.04,166.7,11.78,71.86,,
,                                                   ,           ,                ,           ,41.66,35.78,1.97,21.28, rse-server-13,
,                                                   ,           ,                ,           ,34.85,32.58,3.03,30.46, rse-server-14,
,                                                   ,           ,                ,           ,37.64,47.88,3.86,9.03, rse-server-12,
,                                                   ,           ,                ,           ,35.89,50.46,2.92,11.09, rse-server-15,
8/31/2018 14:08,        data\61883_forwardedatbadirqlallocate_1.bpl,    107.02s,       4 clients,         RB,153.4,90.88,10.14,70.39,,
,                                                   ,           ,                ,           ,38.38,0,3.19,1.48, rse-server-13,
,                                                   ,           ,                ,           ,29.66,38.69,1.77,24.89, rse-server-14,
,                                                   ,           ,                ,           ,36.11,35.63,1.8,20.69, rse-server-12,
,                                                   ,           ,                ,           ,49.25,16.56,3.38,23.33, rse-server-15,
8/31/2018 14:18,        data\61883_forwardedatbadirqlallocate_1.bpl,    113.31s,       4 clients,         RB,160.11,140.89,11.08,84.86,,
,                                                   ,           ,                ,           ,46.74,29.53,2.36,21.06, rse-server-13,
,                                                   ,           ,                ,           ,33,34.67,1.92,30.61, rse-server-14,
,                                                   ,           ,                ,           ,44.41,27.14,4.19,21.92, rse-server-12,
,                                                   ,           ,                ,           ,35.96,49.54,2.61,11.27, rse-server-15,
8/31/2018 14:21,        data\61883_forwardedatbadirqlallocate_1.bpl,    111.68s,       4 clients,         RB,152.07,159.67,11.04,71.69,,
,                                                   ,           ,                ,           ,48.97,24.92,2.17,22.6, rse-server-13,
,                                                   ,           ,                ,           ,23.53,51.8,1.39,23.06, rse-server-14,
,                                                   ,           ,                ,           ,42.88,35.94,4.25,14.75, rse-server-12,
,                                                   ,           ,                ,           ,36.69,47,3.23,11.28, rse-server-15,
8/31/2018 14:30,        data\61883_forwardedatbadirqlallocate_1.bpl,    112.11s,       4 clients,         RB,149.87,163.11,10.44,71.75,,
,                                                   ,           ,                ,           ,47.61,26.77,1.77,22.72, rse-server-13,
,                                                   ,           ,                ,           ,23.25,52.85,1.11,23.56, rse-server-14,
,                                                   ,           ,                ,           ,43.29,35.27,4.5,14.39, rse-server-12,
,                                                   ,           ,                ,           ,35.72,48.22,3.06,11.08, rse-server-15,
8/31/2018 15:07,        data\61883_forwardedatbadirqlallocate_1.bpl,    111.07s,       4 clients,         RB,148.48,159.08,10.34,72.21,,
,                                                   ,           ,                ,           ,46.75,26.64,2.03,22.71, rse-server-13,
,                                                   ,           ,                ,           ,22.77,51.69,1.3,23.42, rse-server-14,
,                                                   ,           ,                ,           ,43.25,33.64,4.31,14.77, rse-server-12,
,                                                   ,           ,                ,           ,35.71,47.1,2.7,11.31, rse-server-15,
8/31/2018 15:41,        data\61883_forwardedatbadirqlallocate_1.bpl,    113.85s,       4 clients,         RB,159.85,144.29,11.72,83.62,,
,                                                   ,           ,                ,           ,46.22,31.25,2.41,20.38, rse-server-13,
,                                                   ,           ,                ,           ,29.81,35.05,1.61,34.66, rse-server-14,
,                                                   ,           ,                ,           ,44.07,28.61,4.39,21.52, rse-server-12,
,                                                   ,           ,                ,           ,39.75,49.38,3.31,7.06, rse-server-15,
8/31/2018 16:05,        data\61883_forwardedatbadirqlallocate_1.bpl,    105.42s,       4 clients,         RB,157.42,118.4,10.98,79.48,,
,                                                   ,           ,                ,           ,47.69,27.44,3.52,11.58, rse-server-13,
,                                                   ,           ,                ,           ,29.88,36.75,2.33,24.49, rse-server-14,
,                                                   ,           ,                ,           ,32.89,36.33,1.72,21.41, rse-server-12,
,                                                   ,           ,                ,           ,46.96,17.88,3.41,22, rse-server-15,
8/31/2018 16:08,        data\61883_forwardedatbadirqlallocate_1.bpl,    117.14s,       2 clients,         RB,122.26,37.49,9.84,28.42,,
,                                                   ,           ,                ,           ,48.33,26.11,3.48,20.81, rse-server-13,
,                                                   ,           ,                ,           ,73.93,11.38,6.36,7.61, rse-server-14,
8/31/2018 16:13,        data\61883_forwardedatbadirqlallocate_1.bpl,    111.07s,       4 clients,         RB,150.02,157.2,10.7,72.38,,
,                                                   ,           ,                ,           ,48.19,25.05,2.09,22.45, rse-server-13,
,                                                   ,           ,                ,           ,22.89,51.68,1.45,23.49, rse-server-14,
,                                                   ,           ,                ,           ,42.8,34.25,4.52,15, rse-server-12,
,                                                   ,           ,                ,           ,36.14,46.22,2.64,11.44, rse-server-15,
8/31/2018 16:29,        data\61883_forwardedatbadirqlallocate_1.bpl,    114.36s,       4 clients,         RB,159.64,151.65,11.53,80.1,,
,                                                   ,           ,                ,           ,46.99,29.16,1.89,23.19, rse-server-13,
,                                                   ,           ,                ,           ,28.53,40.69,1.38,30.88, rse-server-14,
,                                                   ,           ,                ,           ,47.91,31.69,5.13,14.94, rse-server-12,
,                                                   ,           ,                ,           ,36.21,50.11,3.13,11.09, rse-server-15,
8/31/2018 16:52,        data\61883_forwardedatbadirqlallocate_1.bpl,    114.03s,       4 clients,         RB,179.75,107.29,11.6,102.12,,
,                                                   ,           ,                ,           ,44.55,33.52,1.8,21.28, rse-server-13,
,                                                   ,           ,                ,           ,25.11,43.32,1.14,33.63, rse-server-14,
,                                                   ,           ,                ,           ,52.54,13.64,4.86,27.44, rse-server-12,
,                                                   ,           ,                ,           ,57.55,16.81,3.8,19.77, rse-server-15,
8/31/2018 17:11,                  data\cyyport_irpcancelfield_0.bpl,    542.23s,       3 clients,         RB,1125.29,88.29,103.84,101.46,,
,                                                   ,           ,                ,           ,364.25,27.74,37.67,40.89, rse-server-14,
,                                                   ,           ,                ,           ,356.62,44.96,41.86,24.19, rse-server-12,
,                                                   ,           ,                ,           ,404.42,15.6,24.31,36.38, rse-server-15,
8/31/2018 17:32,        data\61883_forwardedatbadirqlallocate_1.bpl,    115.23s,       4 clients,         RB,175.93,67.74,12.1,90.93,,
,                                                   ,           ,                ,           ,55.24,9.5,2.36,34.1, rse-server-13,
,                                                   ,           ,                ,           ,39.27,29.86,2.36,31.05, rse-server-14,
,                                                   ,           ,                ,           ,35.39,0,4.25,3.28, rse-server-12,
,                                                   ,           ,                ,           ,46.03,28.38,3.13,22.5, rse-server-15,
8/31/2018 17:55,        data\61883_forwardedatbadirqlallocate_1.bpl,    112.54s,       4 clients,         RB,152.55,159.95,10.41,71.85,,
,                                                   ,           ,                ,           ,49.03,25.49,2.17,22.8, rse-server-13,
,                                                   ,           ,                ,           ,23.53,52.05,1.27,23.35, rse-server-14,
,                                                   ,           ,                ,           ,43.91,33.63,3.89,14.53, rse-server-12,
,                                                   ,           ,                ,           ,36.08,48.78,3.08,11.17, rse-server-15,
8/31/2018 17:57,        data\61883_forwardedatbadirqlallocate_1.bpl,    104.47s,       4 clients,         RB,173.27,92.13,11.12,85.43,,
,                                                   ,           ,                ,           ,48.75,26.44,3.94,10.89, rse-server-13,
,                                                   ,           ,                ,           ,27.61,35.58,2.02,27.27, rse-server-14,
,                                                   ,           ,                ,           ,42.83,14.55,1.66,31.39, rse-server-12,
,                                                   ,           ,                ,           ,54.08,15.56,3.5,15.88, rse-server-15,
8/31/2018 18:10,        data\61883_forwardedatbadirqlallocate_1.bpl,    114.21s,       4 clients,         RB,160.18,144.01,11.51,86.65,,
,                                                   ,           ,                ,           ,45.36,31.17,2.31,21.52, rse-server-13,
,                                                   ,           ,                ,           ,33.86,34.32,1.7,31.69, rse-server-14,
,                                                   ,           ,                ,           ,45.43,27.66,4.5,22.11, rse-server-12,
,                                                   ,           ,                ,           ,35.53,50.86,3,11.33, rse-server-15,
8/31/2018 18:12,        data\61883_forwardedatbadirqlallocate_1.bpl,    105.18s,       4 clients,         RB,151.74,131.76,10.14,70.07,,
,                                                   ,           ,                ,           ,48.44,26.27,3.73,11.55, rse-server-13,
,                                                   ,           ,                ,           ,34.83,29.11,1.86,27.02, rse-server-14,
,                                                   ,           ,                ,           ,32.42,36.07,1.5,20.97, rse-server-12,
,                                                   ,           ,                ,           ,36.05,40.32,3.05,10.53, rse-server-15,
8/31/2018 18:55,        data\61883_forwardedatbadirqlallocate_1.bpl,    138.49s,       1 clients,         RB,103.02,0.02,7.58,0,,
,                                                   ,           ,                ,           ,103.02,0.02,7.58,0, rse-server-13,
8/31/2018 18:59,        data\61883_forwardedatbadirqlallocate_1.bpl,    102.34s,       4 clients,         RB,148.34,133.93,9.78,61.36,,
,                                                   ,           ,                ,           ,48.14,25.88,3.86,10.06,3, rse-server-13
,                                                   ,           ,                ,           ,27.99,31.69,1.31,28.02,14, rse-server-14
,                                                   ,           ,                ,           ,29.71,39.6,1.28,19.05,9, rse-server-12
,                                                   ,           ,                ,           ,42.5,36.77,3.33,4.23,3, rse-server-15
8/31/2018 19:20,        data\61883_forwardedatbadirqlallocate_1.bpl,    117.65s,       4 clients,         RB,157.24,162.22,10.11,84.98,,
,                                                   ,           ,                ,           ,45.49,31.74,1.64,24.61,7, rse-server-13
,                                                   ,           ,                ,           ,23.56,46.53,0.86,36,13, rse-server-14
,                                                   ,           ,                ,           ,47.11,33.69,4.55,16.28,5, rse-server-12
,                                                   ,           ,                ,           ,41.08,50.25,3.06,8.09,3, rse-server-15
8/31/2018 21:37,                data\61883_irqlexallocatepool_0.bpl,     27.87s,       4 clients,         RB,20.18,43.46,1.72,9.27,,
,                                                   ,           ,                ,           ,7.03,6.84,0.56,4.84,3, rse-server-13
,                                                   ,           ,                ,           ,3.52,16.02,0.33,0.88,2, rse-server-14
,                                                   ,           ,                ,           ,2.72,11.44,0.19,3.02,4, rse-server-12
,                                                   ,           ,                ,           ,6.91,9.16,0.64,0.53,2, rse-server-15
8/31/2018 21:38,                        data\61883_removelock_1.bpl,     21.38s,       4 clients,        NOK,19.92,0,2.18,1.19,,
,                                                   ,           ,                ,           ,5.77,0,0.55,0.38,1, rse-server-13
,                                                   ,           ,                ,           ,6.02,0,0.58,0.81,1, rse-server-12
,                                                   ,           ,                ,           ,8.13,0,1.05,0,1, rse-server-15
8/31/2018 21:41,                data\61883_irqlexallocatepool_0.bpl,    115.31s,       4 clients,         RB,178.64,174.26,8.23,48.24,,
,                                                   ,           ,                ,           ,83.12,6.09,3.42,7.94,3, rse-server-13
,                                                   ,           ,                ,           ,35.05,53.66,0.98,15.28,4, rse-server-14
,                                                   ,           ,                ,           ,26.86,55.54,1.61,19,8, rse-server-12
,                                                   ,           ,                ,           ,33.61,58.97,2.22,6.02,4, rse-server-15
,,,,,,,,,,
Date,                                                    File name,Running time,         Clients,     Result,Z3 time,Waiting time,SIDecisionsTime,Inlining Call trees,,
9/3/2018 9:10:10 AM,        data\61883_forwardedatbadirqlallocate_1.bpl,    116.19s,       4 clients,         RB,     146.62,     177.50,      10.66,      73.60
,                                                   ,           ,                ,           ,      47.44,      27.41,       2.09,      24.78,          7, rse-server-13
,                                                   ,           ,                ,           ,      18.08,      62.15,       0.91,      24.35,         13, rse-server-14
,                                                   ,           ,                ,           ,      42.69,      36.74,       4.25,      16.50,          5, rse-server-12
,                                                   ,           ,                ,           ,      38.41,      51.21,       3.41,       7.97,          3, rse-server-15
9/5/2018 9:57:24 AM,        data\61883_forwardedatbadirqlallocate_1.bpl,    125.15s,       4 clients,         RB,     144.14,     222.07,      10.45,      68.64
,                                                   ,           ,                ,           ,      50.52,      38.91,       4.33,      14.92,          4, rse-server-13
,                                                   ,           ,                ,           ,      35.74,      46.16,       1.78,      28.78,         10, rse-server-14
,                                                   ,           ,                ,           ,      14.52,      82.99,       0.78,      15.80,          9, rse-server-12
,                                                   ,           ,                ,           ,      43.36,      54.00,       3.56,       9.14,          3, rse-server-15
9/5/2018 10:44:26 AM,        data\61883_forwardedatbadirqlallocate_1.bpl,    101.82s,       4 clients,         RB,     113.48,     122.99,       9.79,     105.02
,                                                   ,           ,                ,           ,      43.19,      17.86,       3.81,      20.77,          4, rse-server-13
,                                                   ,           ,                ,           ,      19.91,      27.91,       1.70,      39.83,         10, rse-server-14
,                                                   ,           ,                ,           ,      10.02,      48.00,       1.14,      30.42,         10, rse-server-12
,                                                   ,           ,                ,           ,      40.36,      29.22,       3.14,      14.00,          3, rse-server-15
9/5/2018 10:47:26 AM,        data\61883_forwardedatbadirqlallocate_1.bpl,    102.08s,       4 clients,         RB,     114.36,     129.76,       9.54,      98.92
,                                                   ,           ,                ,           ,      44.36,      21.25,       3.86,      15.17,          4, rse-server-13
,                                                   ,           ,                ,           ,       9.70,      34.24,       0.73,      46.71,         11, rse-server-14
,                                                   ,           ,                ,           ,       9.95,      49.14,       1.36,      30.32,         10, rse-server-12
,                                                   ,           ,                ,           ,      50.35,      25.13,       3.59,       6.72,          2, rse-server-15
9/5/2018 10:51:10 AM,        data\61883_forwardedatbadirqlallocate_1.bpl,    119.05s,       4 clients,         RB,     119.65,     137.37,       9.49,     144.49
,                                                   ,           ,                ,           ,      44.78,      33.41,       3.91,      20.47,          4, rse-server-13
,                                                   ,           ,                ,           ,      18.38,      45.36,       1.66,      42.36,         12, rse-server-14
,                                                   ,           ,                ,           ,      12.49,      37.07,       0.81,      47.33,          9, rse-server-12
,                                                   ,           ,                ,           ,      44.00,      21.53,       3.11,      34.33,          4, rse-server-15
9/5/2018 11:00:24 AM,        data\61883_forwardedatbadirqlallocate_1.bpl,    110.66s,       4 clients,         RB,     120.69,      97.71,      12.96,     148.94
,                                                   ,           ,                ,           ,      41.97,      12.39,       3.66,      36.19,          4, rse-server-13
,                                                   ,           ,                ,           ,      16.80,      29.56,       3.83,      46.68,         14, rse-server-14
,                                                   ,           ,                ,           ,      20.64,      30.16,       1.72,      42.68,         12, rse-server-12
,                                                   ,           ,                ,           ,      41.28,      25.60,       3.75,      23.39,          4, rse-server-15
9/5/2018 11:14:02 AM,        data\61883_forwardedatbadirqlallocate_1.bpl,    106.65s,       4 clients,         RB,     118.44,      99.84,      10.29,     141.41
,                                                   ,           ,                ,           ,      43.10,       8.61,       3.48,      35.35,          4, rse-server-13
,                                                   ,           ,                ,           ,      14.45,      32.19,       1.58,      46.08,         14, rse-server-14
,                                                   ,           ,                ,           ,      22.42,      33.67,       1.53,      36.07,         11, rse-server-12
,                                                   ,           ,                ,           ,      38.47,      25.36,       3.70,      23.91,          4, rse-server-15
9/5/2018 11:21:36 AM,        data\61883_forwardedatbadirqlallocate_1.bpl,    111.24s,       4 clients,         RB,     159.92,      83.55,      11.68,     130.24
,                                                   ,           ,                ,           ,      51.35,      14.42,       3.36,      26.27,          4, rse-server-13
,                                                   ,           ,                ,           ,      36.47,      27.31,       2.92,      30.91,         13, rse-server-14
,                                                   ,           ,                ,           ,      30.57,      16.16,       1.59,      48.50,         12, rse-server-12
,                                                   ,           ,                ,           ,      41.53,      25.66,       3.81,      24.56,          5, rse-server-15
9/5/2018 11:24:34 AM,        data\61883_forwardedatbadirqlallocate_1.bpl,     99.97s,       4 clients,         RB,     138.46,     108.12,      10.37,      85.53
,                                                   ,           ,                ,           ,      37.89,      21.92,       1.72,      24.60,          7, rse-server-13
,                                                   ,           ,                ,           ,      25.30,      26.10,       1.20,      34.88,         14, rse-server-14
,                                                   ,           ,                ,           ,      41.38,      25.78,       4.45,      12.02,          5, rse-server-12
,                                                   ,           ,                ,           ,      33.89,      34.32,       3.00,      14.03,          4, rse-server-15
